
<hibernate-mapping>
	<class name="pojo.Albume" table="albume" catalog="platforma_de_streaming_audio"
		optimistic-lock="version">
		<id name="idalbum" type="java.lang.Integer">
			<column name="idalbum" />
			<generator class="identity" />
		</id>
		<property name="nume" type="string">
			<column name="Nume" length="255" />
		</property>
		<property name="numarpiese" type="java.lang.Integer">
			<column name="Numarpiese" length="10" />
		</property>
		<property name="dataLansare" type="date">
			<column name="DataLansare" length="10" />
		</property>
		<property name="stilmuzical" type="string">
			<column name="Stilmuzical" length="255" />
		</property>
		<set name="melodiies" table="melodii" inverse="true"
			lazy="true" fetch="select">
			<key>
				<column name="idalbum" />
			</key>
			<one-to-many class="pojo.Albume" />
		</set>
	</class>
</hibernate-mapping>
