
<hibernate-mapping>
	<class name="pojo.Melodii" table="melodii"
		catalog="platforma_de_streaming_audio" optimistic-lock="version">
		<id name="idmelodie" type="java.lang.Integer">
			<column name="idmelodie" />
			<generator class="identity" />
		</id>
		<many-to-one name="albume" class="pojo.Albume"
			fetch="select">
			<column name="idalbum" />
		</many-to-one>
		<many-to-one name="muzicieni" class="pojo.Muzicieni"
			fetch="select">
			<column name="idmuzician" />
		</many-to-one>
		<property name="nume" type="string">
			<column name="Nume" length="255" />
		</property>
		<property name="durataMinute" type="java.lang.Integer">
			<column name="DurataMinute" length="10" />
		</property>
		<property name="dataLansare" type="date">
			<column name="DataLansare" length="10" />
		</property>
		<property name="premiu" type="string">
			<column name="Premiu" length="255" />
		</property>
	</class>
</hibernate-mapping>
