<!-- xml - urile standardizeaza modul de scriere cu cele trei randuri care au foST STERSE -->
<hibernate-mapping>
	<class name="pojo.Muzicieni" table="muzicieni" catalog="platforma_de_streaming_audio"
		optimistic-lock="version"> <!--  marci de timp si lock-uri \\ permite accesul mai multor clienti in acelasi timp  -->
		<id name="idmuzician" type="java.lang.Integer">
			<column name="idmuzician" />
			<generator class="identity" />
		</id>
		<property name="nume" type="string">
			<column name="Nume" length="255" />
		</property>
		<property name="prenume" type="string">
			<column name="Prenume" length="255" />
		</property>
		<property name="numescena" type="string">
			<column name="NumeScena" length="255" />
		</property>
		<property name="aninceputactivitate" type="java.lang.Integer">
			<column name="AnInceputActivitate" length="10" />
		</property>
		<property name="varsta" type="java.lang.Integer">
			<column name="Varsta" length="10" />
		</property>
		<property name="stilmuzical" type="string">
			<column name="StilMuzical" length="255" />
		</property>
		<set name="melodiies" table="melodii" inverse="true"
			lazy="true" fetch="select">
			<key>
				<column name="idmuzician" />
			</key>
			<one-to-many class="pojo.Melodii" />
		</set>
	</class>
</hibernate-mapping>
