<hibernate-configuration>
  <session-factory>
      <property name="hibernate.hbm2ddl.auto">update</property>
    <property name="hibernate.dialect">org.hibernate.dialect.MySQLDialect</property>
    <property name="hibernate.show_sql">true</property>
    <property name="hibernate.query.factory_class">org.hibernate.hql.internal.classic.ClassicQueryTranslatorFactory</property>
    <property name="hibernate.connection.url">jdbc:mysql://localhost:3306/platforma_de_streaming_audio</property>
    <property name="hibernate.connection.driver_class">com.mysql.cj.jdbc.Driver</property>
    <property name="hibernate.connection.username">root</property> <!-- se poate face user special pentru baza de date // se poate face si o interfata separata pentru administrator; se poate face un atribut special denumire : specialitate -> tabela : user, administrator etc si in POO esista atribut de specialitate in clasa -->
    <property name="hibernate.connection.password">****</property>
    <mapping resource="pojo/Melodii.hbm.xml"/>
    <mapping resource="pojo/Muzicieni.hbm.xml"/>
    <mapping resource="pojo/Albume.hbm.xml"/> 
  </session-factory>
</hibernate-configuration>
